<monitor>
        <name>BigMemoryMonitor</name>
        <type>managed</type>
        <description>BigMemory Monitor</description>
        <monitor-configuration></monitor-configuration>
        <monitor-run-task>
                <execution-style>periodic</execution-style>
                <execution-frequency-in-seconds>60</execution-frequency-in-seconds>
                <name>BigMemory Monitor Run Task</name>
                <display-name>BigMemory Monitor Task</display-name>
                <description>BigMemory Monitor Task</description>
                <type>java</type>
                <execution-timeout-in-secs>60</execution-timeout-in-secs>
                <java-task>
                    <classpath>BigMemoryMonitor.jar;lib/jmxremote_optional.jar</classpath>
                    <impl-class>fr.loicmathieu.appdynamics.monitors.bigmemory.BigMemoryMonitor</impl-class>
                </java-task>
                <task-arguments>
                    <argument name="host" is-required="true" default-value="localhost"/>
                    <argument name="port" is-required="true" default-value="8080"/>
                </task-arguments>
        </monitor-run-task>
</monitor>
